T_feed,P_feed,z_benzene,reflux_ratio,stages,feed_stage,bottoms_flow
121.86338860820743,1.1656770702250396,0.2571708200160978,4.146965802433317,13,4,50.40828261318818
89.45970677799184,1.638305654875691,0.3649482216123685,4.224858758501008,27,3,52.20249684150129
115.17216293948523,1.8438825496626017,0.626729768899136,4.901157178411683,29,18,46.260663532832794
101.48398519446161,1.8106784892972654,0.45214837833139243,3.934965342461884,18,9,77.32085647893904
120.57213259514543,1.4362413245706205,0.6083263425866874,3.0594271886568265,21,10,59.54174641920852
117.3500935196723,1.6844016029621458,0.46250225830463954,4.470627476538618,19,7,56.62432986510966
84.89467845990977,1.156025940282785,0.5334268707707756,2.0682447384360785,26,15,44.240552725593034
104.95613790040301,1.7515553609848848,0.37569794021319924,4.8044602418622855,22,24,52.76441437785831
115.1772216561589,1.336013927415914,0.4032758182035474,3.139056024813807,15,16,74.24305086666871
90.24532340038537,1.91631772292765,0.3137182530921414,4.377823950069324,13,23,21.529864840636968
121.42726359853418,1.1887161012528762,0.39141880606062157,3.9398975290840514,15,9,54.05847623758987
113.57606516678706,1.937533486875513,0.43918065937439366,2.92830406866542,25,16,21.54181399599118
90.66013888564885,1.6383795290136935,0.3629151951232571,2.3784484610467804,11,18,55.57187175559411
113.72794769046494,1.1248371897010854,0.5775017087232239,2.5468752035053797,14,12,38.82067868484208
94.84480804488584,1.8803993482267747,0.28415654608703184,4.6697968638184495,28,21,65.94073026432112
104.5599079489203,1.2832616028232748,0.4841424887474057,3.843612520615472,28,5,67.02650612752842
103.21637812619464,1.4961918501225493,0.35727745741261696,1.7126115052110877,17,14,20.89487691006741
109.69984272457779,1.5538266297107715,0.2899487861700084,4.9987501152875495,16,14,42.10791120154674
126.23103363279729,1.5924578948726245,0.29329624152717315,2.5138365831464555,23,22,58.93836962095972
91.01541368177926,1.05939073020154,0.2743120117489979,2.5867298264184475,20,13,72.13051350012095
89.97650217461792,1.788333092273124,0.3642472148862792,3.348906970333604,12,16,43.99183597794367
81.654305117274,1.5902046580466453,0.26220583756872007,2.550452012054909,12,3,45.766595183630805
95.27683048125219,1.3486449389314907,0.29171433159070775,2.0990382863084434,13,18,31.429663249814013
103.7003090475977,1.760668673353107,0.5057962057302736,1.7936957819376396,27,15,65.16197236808665
101.57735209738428,1.4982293761635581,0.20555255045275153,2.2011490052366387,29,24,33.90877174307628
94.32287617657819,1.2221110226040222,0.21380218658334135,4.753289540598842,24,3,48.50104095005578
97.97827954708822,1.5949383820210783,0.5224663525287505,1.8003728843661815,18,19,45.07548344201044
108.6182109386995,1.0366809650144804,0.3075537034902538,2.568432320522546,20,8,30.32354570270861
115.48672854681365,1.07772934232191,0.23935784173425517,4.033703670664753,16,17,25.44431959295364
116.38496830792144,1.7874271333562488,0.3531860330773575,1.9083435591069553,29,24,79.32750585491068
100.69208772135185,1.9527718313000855,0.4148601860621292,1.8592682390664954,17,16,31.58937106910141
111.13044575160177,1.0719833954592768,0.3539987752085527,2.7892823599803216,14,22,23.389632503329267
129.13747878207988,1.0900235733342452,0.610167462849964,1.3400894839728312,23,10,45.24666172463887
124.05382058372906,1.9375249648226252,0.6030882257495929,3.8596045302912607,19,16,32.20142830663296
120.22134202618588,1.8364741453823072,0.7038722623006703,4.38497352031444,27,12,37.90862645978058
83.4271252301452,1.0635948737616572,0.4275358559369737,4.901537242770738,21,18,34.208227605795244
111.05034343095552,1.1834817716154622,0.5581885281371366,1.9176075138361748,25,17,58.649480327390165
104.6517122056797,1.820364610842073,0.23713855680211088,1.434383356095592,15,17,35.16726359256943
93.36986588738837,1.212668971869949,0.5183163995720594,4.074775844423163,12,16,23.4510841396689
120.36065489473116,1.9243250692403686,0.3014720460429264,2.754331085149876,26,15,23.929992754511485
120.75633586686745,1.1012144084567659,0.5034485475510526,2.900275383490312,27,15,45.34807586672214
129.64081693713706,1.7752240042556657,0.5748104068614867,2.828594634940329,29,6,66.83319361627508
117.80821486210152,1.9750402599276036,0.31787159115401065,3.7836611104359434,21,14,31.117572685435942
116.07809054263089,1.0046241574031498,0.2465238961961153,4.353493678230151,19,6,54.44412131715095
92.4724519384307,1.8302095651534733,0.3900651550137293,1.7004993975627127,14,23,28.243154207063203
98.81083175173067,1.6024610898375804,0.21209024010389818,2.3062558001105105,29,20,25.330223119280262
81.54096506365534,1.5131293895381783,0.7109482743996978,4.24046950216481,10,11,74.8662129672295
128.0860902426052,1.7425237158449416,0.7331400279623632,3.893845922197084,20,23,28.321087788068418
104.17919748377514,1.307192564903779,0.7682258218311628,4.09184541647675,29,14,36.96319792741349
107.92485993647,1.5317120676162403,0.6695663322062999,2.737579325179451,28,17,61.1862674249705
90.43244443189342,1.1901010679296684,0.23777371379924672,4.380542909723813,17,12,38.81031664261117
109.04849047133389,1.775353923305947,0.6111217222231472,2.804185257254254,14,11,29.791151464644976
113.61402021382125,1.1587193133551548,0.7669696263999535,4.624323343483633,23,3,55.59645596257492
121.09254185283432,1.2886607929728777,0.5711679242593881,1.4395998370277898,13,18,49.46665624027824
117.48955769757389,1.7576810180433382,0.3780008856728049,4.166350190051098,24,24,46.816009527781006
115.22071888726171,1.5108776623467621,0.6369093858004558,2.1470433607520136,28,14,63.54717028243661
100.52404038122765,1.2499374207936356,0.26912344045290076,3.8476995274687873,12,11,71.71283575997819
81.44715792106967,1.8115045428138838,0.6010531868795432,1.9338345755378428,16,13,60.390484919540796
100.71257958157648,1.310290616655251,0.22513689659671215,1.9211281219485978,24,22,78.73539441187796
111.17199535091198,1.4669884862124385,0.7781599093946239,3.571208755720929,20,19,34.83622738049873
118.90682343074698,1.0384883144406976,0.4425227435805166,1.3546531764895426,24,12,45.836656558006425
88.61857567977906,1.9904867126515127,0.6114754900264792,1.4377647047646758,23,5,21.611083013958115
122.4275771386825,1.6838260503470894,0.6742496839474477,2.386425536546559,18,23,27.45920685621985
83.46886091570542,1.1175517515387363,0.6387022963732483,3.8028280906643053,22,8,50.71667534014246
90.37705384653036,1.3679122646652684,0.3501525465148001,4.012888755950447,24,18,69.83917619001244
80.67786502470192,1.7248871262382732,0.5119621271628031,4.586388602934128,27,5,27.509182262043126
90.78566815352646,1.4892677581695168,0.3245782346784237,2.6257024259627046,23,11,69.8302176325559
111.56214888683363,1.8710112194306974,0.5509251832681856,4.160346404231165,24,13,70.63453247733132
102.04455734369003,1.5264448327177709,0.7573006696904516,3.5750106510571653,12,6,72.34029372466861
98.73288456154235,1.4026821866178656,0.2806333706133999,4.323270051159747,28,16,38.642147476910964
106.89188382467503,1.649323707732976,0.49463052417662173,2.5372018078489056,22,24,44.82117147938969
99.33212807339692,1.4171645751596356,0.7447251521957277,3.380025470404707,28,11,72.46839648600427
109.38070982427514,1.8292722402375845,0.40123433112503554,3.006862505480842,23,18,39.54418447058394
107.15202068728121,1.2346473978736368,0.42657266087636053,4.501046778577431,23,3,39.77321720322264
96.73922060438281,1.2044350355539133,0.3238155074602493,4.746963718294212,23,8,29.262479003390972
122.26108071473331,1.780774205186813,0.7468998683667971,2.9745967734062475,17,19,21.092391996491827
103.05023919273239,1.0642741038094188,0.2477036396648454,2.7577249173915868,23,21,22.965214681191842
129.08144015592143,1.7815721257476334,0.6250905076863308,2.0597111353143496,21,13,70.01279950631991
101.85386359452558,1.6584748960962044,0.6309398950293992,2.880347819352916,24,19,70.53526116237988
104.25483663628975,1.3848522298779924,0.6565901743167804,2.5201264479826007,23,20,34.38317379808489
111.10465777491873,1.5210943945098552,0.7612242982805111,3.2734800845732117,11,3,28.48681630030758
122.43654125493183,1.193266342952418,0.5783260495129645,1.2489350815194993,17,13,54.273189230041844
93.8253143879281,1.0725701963203231,0.5970432345414532,3.722995496514714,29,9,30.10413704640321
85.6630347217968,1.9192725002357078,0.6073322641424805,1.64919174306239,19,16,51.63717418467455
94.04810553658066,1.8678006108395464,0.4452863763290369,1.5392421037013475,24,16,23.179871023701356
95.79909020119229,1.829530493764167,0.5061758384182795,2.6743481634498596,14,11,56.67572181647755
113.5094737386658,1.5713501461934427,0.3620811162017819,4.782432258920978,29,15,37.274402287979676
99.82295893668896,1.028937938861784,0.20633723214898825,3.5380947736999033,21,16,51.210545858622964
119.26545319862132,1.7112323537423406,0.46643355975563056,1.422510355755915,29,6,66.54605452668484
124.72838347283638,1.0087108046218707,0.7209058845009018,3.476094465081297,20,16,39.27920092025538
127.12417342160524,1.3600986401939594,0.54956245285456,4.819377135796671,10,7,49.27988006043362
109.87072019702589,1.7200699277446558,0.7816868769148058,2.083272808460889,21,14,37.46447649024222
82.4468995946494,1.693221839230486,0.26577870773326595,3.7392206733380142,20,15,38.84087725600738
97.21693886938029,1.8663048945506677,0.3545547577771771,2.260204642370881,12,4,67.43430598514867
102.44044683830433,1.0309980472380018,0.4580362802849944,2.887113980470785,19,5,37.26026690541671
124.34896045500665,1.4142060348152834,0.7411460577162645,2.0635274871895257,13,8,57.67180906550978
97.10815006547745,1.227938231855365,0.7554480242554686,3.6859027309932957,21,12,53.53916364750037
102.85550646730835,1.0567288364581047,0.45708112143422586,3.520145898523179,18,8,63.30513185232872
105.24622830049968,1.45042463934921,0.466211025398768,3.4841510842662817,23,3,29.29763842002343
83.44677554755859,1.0008529936077828,0.31776031060580057,3.722952496677988,11,13,35.85401886787876
97.40799352109099,1.3916408565662612,0.30252674778302346,3.8500873455828515,14,24,46.16150936789812
95.71581766022587,1.8727656151279657,0.5419828551860963,3.096559598675877,20,12,40.976561801136626
116.20218304251429,1.8926062674185062,0.671918346951959,4.154968118983084,24,16,77.7518899360893
82.5332755670657,1.3870712882772298,0.40394853724030905,4.52751582049891,21,9,45.696271788716444
100.50932671844708,1.6221977965094858,0.5391649377154317,1.2312960781306228,18,4,42.540720188979705
97.10864887717769,1.9120004254389833,0.20709146064381168,3.9924281597620803,10,5,24.18055802303797
82.22820556108744,1.9827816466528292,0.41641726706177196,3.9130586462123294,21,21,27.796498035743248
115.17505039699535,1.329398095148398,0.40389810427202133,3.0815288318633236,18,19,75.51894080499746
96.31992230572868,1.715736705998033,0.6571172933550116,4.416729476970705,27,18,62.3087593913837
98.46512954847014,1.8560707244845114,0.33118644798695596,3.4282370913372704,15,19,69.72386303931575
82.72111824438669,1.5995006354864336,0.3129336478116994,1.935988745014382,26,8,44.55054052973012
80.601057250645,1.5115947684927031,0.263779932348159,1.2616556540105308,25,23,51.50489753590336
123.20268925105526,1.2330351125239605,0.7949454590988057,2.0998462441412973,14,23,39.740600529179915
96.5718748813797,1.231735245661415,0.6165415487636441,3.4487091276752144,14,13,74.99259679681862
118.87707364146422,1.9950885326111776,0.4886076998762429,2.031952790867191,12,10,71.83263056511515
111.09779110947949,1.378882855650175,0.25850079215302546,3.9370201902686706,20,22,34.1689126476566
85.62069183905214,1.2633552022800716,0.4693136844905577,2.052916846144483,15,23,56.38110362177889
88.74715752989121,1.212858224305402,0.3256873830591796,2.5235470655656806,19,8,25.53496559485682
102.73357817858289,1.9906014678096522,0.39196737570512563,2.6505115447435124,16,13,24.02305225778886
98.89151730462326,1.9795100135066481,0.3588655751111609,4.700711092512556,19,7,43.44378472111879
86.31603038408777,1.9971847972743526,0.5248709209672622,1.6038067376985579,20,17,20.678761339908235
129.3222361439387,1.1536716420705053,0.528641132408066,4.143173253799857,10,5,55.98699360634266
89.34736331749346,1.7290738550113232,0.48512209397236356,4.026085306953657,12,17,73.29283174439573
97.24654076924514,1.0797691315324962,0.22204476282240052,2.9015122586023145,26,13,38.14926508420333
110.22728406332635,1.2078383598974065,0.417828018268115,3.1984221950120792,16,23,58.10620046080327
105.16545546356676,1.3670900237603867,0.7466299158013741,3.934215727690332,21,12,54.90936631224243
123.79716323000358,1.0428253579163484,0.5240725002599039,3.7047104762152907,19,4,36.52861351555875
82.3315556836637,1.9071977227999173,0.4944880716818029,4.207823525959906,15,16,31.769602668927167
106.95069850685456,1.8627918600146038,0.3124776784322475,4.036172297150632,28,14,74.4975232146441
88.09573409911563,1.8049970631876768,0.7658399848035373,4.775361467936834,22,20,49.81154814339235
108.50774639225354,1.8078221443923186,0.7567345409799016,4.503613321752754,26,14,54.7405934796258
124.60504157861993,1.334137447182128,0.44414513193160365,4.537903689551341,27,10,56.48900507304976
113.77460568108953,1.994805873911789,0.42399019540397903,4.830275920192018,28,12,35.99664346696709
97.1959395785912,1.4273538599388664,0.31315010987448966,1.9891352278451313,26,15,70.64159410205272
121.73455291757855,1.3148049740120669,0.3490299835942148,3.610984174884077,24,4,54.52666285028124
94.2010431740328,1.32855941394299,0.3353287405484238,2.1109234668792194,12,6,38.855040244488656
83.48089881465039,1.1859707871902878,0.6895770554018898,2.1819504679225448,11,4,24.192526452317157
116.84011549058968,1.949523077579543,0.6569834679552615,1.5637035175998137,14,12,21.2137064669058
83.91693472547344,1.723532494653703,0.3218184384117153,3.2445285263256842,22,12,63.31026200795255
109.57606295768826,1.1244134517489346,0.4748265659141334,3.040781144357825,12,3,60.03346736601865
108.79816288662252,1.9492087313755282,0.3506963169020273,2.845821427520233,22,21,63.85934219869967
102.73892258880639,1.9457689944020413,0.2429822087773597,1.2372359619675237,12,6,53.60878727485654
116.31307626266732,1.617195575110883,0.6258268049486218,3.1885953068099786,20,20,69.36746530412188
106.46843101226813,1.2104008729335831,0.5385034469108537,4.188032101307937,25,22,72.7822086319267
123.00860350108022,1.2679725938783644,0.23551850316356876,4.806491630095351,24,24,36.333280172499755
98.10224642727638,1.5415406073210505,0.48334376109863103,1.3122289735690065,18,3,67.87932406278148
129.0186570214868,1.163659163061785,0.4338214809625568,4.905808082661401,13,24,24.57443261060481
89.305827614435,1.9411636265673948,0.5663562886266511,1.7962651930343907,14,10,66.17484281257546
84.91062917061635,1.5763745030463951,0.27933460454491904,2.452064605336856,20,17,48.98457868218124
109.26538881618247,1.0016135379120623,0.3139287098878629,1.2495937252332259,16,5,72.13861424662825
110.93203793743227,1.805081476494577,0.7250714528660376,4.721366751858044,23,18,71.04152517726656
116.988130249682,1.3476419377121933,0.3995214391204828,1.3302694100131753,26,4,71.13800433029894
123.13706849634642,1.0858131681084249,0.5814385171231269,3.489210697686511,25,24,54.87150308220109
110.13717321239743,1.6159579629241332,0.2823521094541921,1.270969865984183,10,5,50.11880561755813
99.37209704593188,1.2725313770792783,0.3261592737033183,2.4999523970755044,19,15,54.13249652597641
80.82390616725986,1.284217942245963,0.28993543965776153,4.685600355615316,24,10,26.667921238903425
107.12783470114326,1.2303171023077075,0.2109895173715372,4.883701544162992,20,8,49.05705228894652
94.11101523284212,1.9897567427572356,0.24781908108775857,4.167611169249116,27,22,35.118040318144665
124.47675096754054,1.9062734455300252,0.634962752396242,4.387665424815917,29,20,76.77826655539027
128.09609815547344,1.844992609729799,0.40801954948592234,1.6741426403815398,24,21,58.64609465105222
83.05404429392816,1.0556789046719501,0.49961436997393716,2.1258184207979096,24,13,49.64179435721803
82.16264773771711,1.8990942571158893,0.37671246499818556,3.063142936642013,12,9,27.72017616690671
91.83427232787264,1.4726603776364533,0.6010872263698731,1.334170296393521,18,17,43.726076286038285
102.99135734698628,1.856029832811065,0.3219138400904092,4.01141984500795,12,7,37.28048417697333
110.62698473863728,1.8983651609582353,0.4108923025727168,3.6548776267673295,20,4,44.22531488105068
98.25144166432848,1.656474427825636,0.2513379591334708,2.257738996192612,23,7,41.79395902198509
82.00379721932374,1.0234280527324768,0.7630070077360569,4.29455675800563,17,24,54.864891998393645
80.71797020371166,1.2383884599440478,0.24057568482357522,4.248771978829773,16,13,26.882241048063037
109.73605648296461,1.6969143921501462,0.6950160611028003,1.8255773992345001,17,11,64.88525170958567
113.93603207644745,1.7627542148674216,0.714199157118165,1.9651205596118553,14,10,52.75377170646535
126.02959343805033,1.4671408934986867,0.5355029631500319,1.9869340492771734,12,18,65.50768870741659
100.6551110671661,1.2211980756189622,0.45334346145491355,2.936358849638459,16,8,40.39674029696416
89.25430765132974,1.3019311486181606,0.4353887145487943,3.492083011250653,17,5,74.21837187437076
128.04946684105155,1.091399888130303,0.5015509512573907,4.187092136915943,22,3,49.37531124416974
99.22108609545438,1.826473612239445,0.6860617234380324,2.3186139928750453,20,19,48.137059784998755
102.34197945719686,1.2040861364250632,0.5048225552636869,4.117740730528896,21,21,56.19616586743767
115.54137002529464,1.4568616039478122,0.5901875181140027,3.0826716755072336,29,15,52.967451149608515
125.84171686280146,1.7089814948015998,0.3583146534076081,3.967230528140025,16,3,53.221570148249484
120.90198333566123,1.588506183977422,0.7362976446297536,3.3672307741459395,21,18,71.71527227119942
116.84759235862302,1.5757932896337352,0.7972402825487406,4.249932370427315,15,8,28.118199666272282
103.45307571256208,1.2876563673119097,0.38147068687940866,2.4959380883254414,15,10,36.91334425433463
126.82089602543624,1.7395210841300932,0.44312362147410833,3.231397881140654,27,21,31.422435886605832
128.17481204120065,1.9835497102884814,0.42427523904704284,3.771614102129578,11,18,72.05197563461508
124.2471327859904,1.1219322738323414,0.5283216682337459,2.597101976761241,19,6,36.195934866965885
118.54518417764868,1.646684522576363,0.7444128610119027,3.1995124302150018,12,5,50.04398956259345
129.83592437002972,1.7374077562395485,0.6130499319146892,2.2883884093431845,13,15,53.68971068856804
98.79684277702536,1.76255909318547,0.30698332758727415,4.6707074216377915,11,15,55.91445898839501
88.22770081016604,1.598543533459139,0.366904864094551,1.9643306862030308,25,18,28.608721729487584
117.04750478731847,1.232273194386147,0.5571903662551531,4.084171736616161,27,20,24.359144907002637
121.75977618303219,1.640366166752746,0.6590620430513916,4.47385654291057,15,3,75.69936476413034
101.87552626384672,1.5267736750047272,0.2495972789825588,4.343526202479121,12,10,25.922529366922106
91.49721241638099,1.8281709056985416,0.5103913475546287,3.0476548795207243,27,16,57.41748340188052
100.99010992909433,1.781398988523593,0.3667633368564054,2.7330908284931716,23,21,48.78385797913964
126.11313616478694,1.2348691134405414,0.6201207827646331,2.9578751290695697,28,21,57.95198327178758
83.56093407686562,1.1934698896359808,0.4372413097246721,4.264019589493166,23,15,41.508419882233056
117.46916832038906,1.1446330185230815,0.6723425034500208,2.9865835012403465,26,13,27.082925554938036
89.17804520655226,1.095706112388933,0.5100593896277147,4.774555250243661,18,8,26.74209724920869
88.56471512045552,1.7500448564292186,0.41568957954116326,2.2057328875084723,14,6,21.721521005884973
125.74060660767779,1.010780466046977,0.7974491838692135,4.348074362984881,26,24,66.4868189921825
86.7801669299348,1.759683484353364,0.21187615541641694,3.458434834115443,27,12,28.091464626116096
80.49560870285467,1.1315498202967225,0.4610182922236586,2.9933855132299767,17,6,55.58236771679351
99.43267620336422,1.304829812273688,0.6047895224352093,2.6420514567449476,23,8,78.3504867075944
106.55372077695415,1.8956774106774286,0.7459180140679618,2.6342427720229917,16,14,60.00005064344253
109.67366067132016,1.7955766085718223,0.5723678284189362,4.784890530794798,14,17,67.41187497760998
100.04249550424547,1.7315989941031407,0.6304258312662439,4.026927820489433,29,22,42.65549700717385
105.153557524095,1.391763225140108,0.6083361701409093,1.5754410020489915,21,4,47.141524383093426
95.93042155990894,1.1892651945332604,0.6064873933591084,3.767130564876405,27,23,55.96959854504646
92.95682834652882,1.1954948807457164,0.5964117358914713,3.5492033349984675,16,9,69.47725461859022
96.10605554442093,1.7585702861721795,0.45296425164755333,3.675920670189904,17,9,53.0900443809732
122.2072742705063,1.8490291159321632,0.46176515403078,1.761165554618528,11,19,63.86661432371786
118.78825629716187,1.184104969644098,0.6662494611706091,1.4132489783036009,23,4,30.41742010497011
109.9302312264882,1.702799357727051,0.7237972809637905,2.982420328511857,23,11,65.92491087181673
116.6549386412923,1.1659837028558957,0.35687389553892535,2.525069779345996,19,14,30.532795371265475
105.05713365460579,1.7745292872360112,0.4808362708273241,3.5042657419860443,24,7,66.63252884722421
121.8573235366296,1.8560971481614836,0.6656496494049386,2.5233584528636213,29,14,43.00806507323546
108.84222598339215,1.5618422621244574,0.28800742617390385,2.9402058733934124,10,8,51.4397740000821
90.34362660430318,1.372000817458123,0.7253144375517873,4.155707981094474,20,14,79.8238214139065
102.59412066099326,1.3868846776896135,0.2870164820983834,3.4707058734650706,16,22,77.53557765373063
81.99940106221453,1.2650986506491493,0.2701379123053259,3.7153911199018674,24,4,78.39665769894177
98.20067703518546,1.213671036207311,0.6554495322729312,1.709754908778025,10,8,52.57876903318753
87.68035510729858,1.961419799750209,0.2943247140057727,3.2006029465675674,13,19,79.4299909110086
82.53930436427879,1.0968420130186805,0.5069608160167178,3.2842537425519645,19,14,34.39891381848777
98.18389667633701,1.6973303912299194,0.606904864891713,1.4194708391495408,17,18,73.21590833369507
107.6233461787867,1.4308710655543897,0.4412566761077988,4.639176996722871,12,19,22.250316196820833
80.99267137764711,1.2738867669092893,0.5469565723982006,2.016167259417158,10,9,63.235968888903265
103.25947488531787,1.1159065663180534,0.45022053486236185,4.9176282945463035,22,11,72.88830565997891
97.88838940408463,1.7735094680072567,0.7516404597079314,4.818145817969465,27,6,44.25098433311777
115.81276441937271,1.5665255537091944,0.4603302336824897,3.066385546226077,15,14,21.40278536824152
126.65600838214809,1.987565675307666,0.214915792233171,2.6197224427033214,10,20,78.41839831759864
82.14417595481189,1.967037067051499,0.3398025543723821,2.606818685199474,14,19,55.565132341066544
99.89969095785331,1.986174657877862,0.4808906483048953,2.5965317389320015,16,18,62.09691594878349
91.46650179750561,1.1204756153957587,0.43498174525060496,2.8293101062442867,23,17,59.55460513609139
111.85808094888192,1.4090929359293645,0.6361695309255644,4.8298224917391765,18,5,38.14306627510227
119.40226496548613,1.3292724400695672,0.7550252097872401,3.1191234471214857,28,11,46.78956516103047
84.02593573077563,1.50558013907856,0.7458643363388666,2.3082616934587867,10,4,31.470010279412797
82.52644906662414,1.4519152042261243,0.6303994252573268,2.2534882163189502,18,23,20.648837678917438
119.03938829184489,1.5987968962035077,0.5884455123409115,3.9810130661582708,22,23,64.46953904822644
97.51374967420617,1.644259895543697,0.5464801791809932,4.033137174908856,15,19,44.69594760560881
128.85017409602509,1.4859616914960365,0.2471228676705312,4.574180126761204,11,11,49.43730356785431
114.61982838661527,1.6866309528064383,0.470700522929505,3.5092325056339835,20,19,32.75886315107694
89.87340349648014,1.0028938677767396,0.4741695847700546,4.375842765708197,16,3,43.47861054606531
106.99416191296852,1.960134803491778,0.6326589947414607,1.6925552072098822,13,7,60.06513729388078
104.45000955970639,1.4992082096903996,0.6673705813608467,4.081134490006281,26,10,76.00176213808382
101.516264317386,1.7554051962842459,0.29700853729082793,3.113374399873167,20,4,34.99869408700853
84.15930090833605,1.1110373200593409,0.4042473327945626,1.7493242552846748,12,22,73.16052668950361
129.5160484305681,1.3968277889465115,0.6593991862541659,4.491610002032965,11,11,79.01490916995745
81.37241214448412,1.3417448174586957,0.6608319004064352,1.2687400681094367,12,15,74.7089554025741
125.52527050107831,1.6136956122767403,0.4578606388219285,2.355490434438001,19,20,39.519216544334306
107.7537584356822,1.877610811873722,0.22158512070165334,3.046734251620105,10,21,35.73616972096302
115.91799504393224,1.4109186141554553,0.34066917347116676,2.829898578439165,11,7,36.053811640687954
113.51627889555992,1.4315635666907696,0.5654039415929657,2.8206047604196858,26,14,33.400659249265544
128.84313803684887,1.4925495186697588,0.419292119066468,1.6854825736086092,12,20,52.80798461657622
129.3945508475697,1.3895160207262232,0.5303673426645594,4.126455262096918,26,19,69.72653251643487
101.82032466498727,1.2148586544592401,0.46703524138800456,3.778264343986101,21,15,64.19899608324312
99.15330059272785,1.2155862246923472,0.5011491398093286,1.218766963053728,25,16,47.26409033705292
94.3616278080704,1.5635229029904858,0.5999402688651192,4.501360863160105,11,15,57.094219137552635
120.45602305720139,1.909762046749535,0.47367669873581725,2.496175855550896,25,20,67.60977105625373
91.99131927428232,1.866456343420781,0.6949259603083566,4.576966598673227,11,16,30.60607131634504
98.11401629163171,1.852497485488148,0.41284448006366076,2.4813048250939653,10,24,58.84085242116478
91.18150610296372,1.7971178152446747,0.34536225014833866,1.821284798191865,10,21,52.81067150052671
120.35307251155527,1.8023197776912252,0.6097706451464057,1.6205910344572803,14,8,34.76753678736466
110.47348665411405,1.0185852809645293,0.7636977413778951,4.741651527708239,16,5,55.911949571767735
106.41296632551906,1.3488265901192638,0.41482737533389347,4.645291538050788,15,22,67.58801922691674
87.07411026130964,1.3123430182342493,0.3699847328128545,2.2322887612814193,10,14,22.098714829636844
94.15227872386427,1.416919420963844,0.39939871739992694,4.604426796293663,18,3,42.28327217111883
87.99445009289657,1.6266671203416063,0.49956242135800455,1.8983501508297764,13,13,60.44761936971342
92.30727551034393,1.1357947007083742,0.4483919475189856,1.4434131210146095,27,7,20.076727883197773
124.64396154573816,1.319587886656143,0.24257728659147487,4.911298244798182,17,24,28.60084552264806
126.22712944967574,1.180532406492218,0.5054907950137033,4.102474345298767,15,7,65.99357258453523
85.39862587810214,1.0496142774112442,0.3180722116383946,2.676217760234085,25,5,20.978380539876508
120.47945137729329,1.6008882568934237,0.5761244749531,2.8161038793784217,10,10,76.11993558404247
80.51704692189244,1.58456833918114,0.3892976036040948,1.7669277121826132,29,3,22.21814708162692
93.26403599338131,1.2898251667686047,0.5534980434051987,2.999554666803857,11,17,25.003347628521325
88.54590635176055,1.439532218142607,0.5104174162741317,3.4100562345932826,22,4,78.52066315679022
119.77062297749711,1.8293565179698765,0.3835101374192077,2.534791732910881,14,23,32.09165841025127
120.27222248379547,1.6050325825925076,0.7688083560922665,4.403399090701197,27,5,75.54361555564824
93.04740875638383,1.6619867355364044,0.2378282036930438,4.506526615580157,24,24,50.112345891326235
91.29651491117336,1.5629438153569228,0.3017666008659251,1.4893721654455114,24,3,45.31897229557033
121.52947391943147,1.7108026076913763,0.5912642287928478,2.3519491947482445,27,3,48.635332271900744
91.6944372065402,1.14473695944857,0.5902122120394299,1.6814837691602489,24,5,20.7127660189578
96.3398735500775,1.5875356163887582,0.4273916425446211,1.7601556570260688,24,24,68.66517055222769
87.4517668138423,1.4090752018956487,0.40938667281568364,1.896367222783033,22,8,23.096104179683184
113.14697023201944,1.6653074513462385,0.650432338990655,4.122266032718497,23,17,60.041222988421744
95.34749711146722,1.6097725814343442,0.3155647670950943,3.8835993995410307,20,22,32.176203282981774
83.82758703855811,1.1893670441904707,0.46042121992830726,1.6486448235591808,14,4,21.126465195158815
103.28401831728922,1.9465930058421101,0.5507162991029114,2.278244043701873,19,10,25.280455699145925
124.99728543200555,1.2266287239760203,0.2577145280709373,3.1775084880521782,11,10,76.77835374172271
102.51537990436009,1.366343920988553,0.5359399336999173,2.923132110322342,27,14,37.43521746897319
122.73503221540432,1.3352069056635136,0.6555190545678368,3.532363145515581,24,10,55.5441322655078
108.38391234780524,1.9430011655234587,0.44113097385671934,4.353205716926335,22,22,46.13054253561462
118.66218293601588,1.9508071581202566,0.42144089203028257,1.9823642192917579,18,6,72.26170421506464
109.89087688362615,1.2181691687909857,0.3062433641100456,4.153567427649908,20,19,40.98724736006745
91.4635823082665,1.4384074429847185,0.6437661536625467,2.4870097947176255,12,10,27.46238003266237
94.28573047430689,1.8290217248991083,0.2088757399405427,1.8987295848939039,29,5,77.79177221715327
86.74149515812803,1.3310170382838642,0.27546712682140045,2.431597496972522,22,14,30.812942201035575
128.7116157037683,1.55991443768064,0.3692645708839818,4.995456924330459,28,4,42.39877668371622
116.95252297313748,1.1883768683321068,0.3009021484351955,3.5924849147241247,21,7,54.15833690331921
128.5762009018008,1.7446239053236072,0.27642370502000346,2.788154715966716,20,13,44.799568327606664
87.21505647320257,1.9766910547540077,0.7619664113098235,1.7847119160847122,26,12,59.410049400451115
125.0727990367273,1.448876339928355,0.26008789414193734,1.2034013559301444,20,20,56.5852301426667
89.51808155153687,1.6289382931277998,0.7035651106637275,2.0774184366323616,18,7,40.96878603874715
96.47967308703119,1.2157197495051246,0.3895202436574484,4.273369880008166,11,12,34.2609075090554
81.73286443000741,1.2340261414961566,0.42126350137531676,2.659361962415082,12,20,42.647187104485695
99.48436312637399,1.9170846915621302,0.4005332743445327,2.683165911255418,16,20,32.74739053080662
94.0516652696156,1.6528873939476463,0.3817498780297063,4.780246524955107,16,10,66.95755338683965
117.13579951986384,1.7065783279810793,0.6280434761979428,3.396259397237018,15,19,55.20379655790888
106.52160486164911,1.2005051605494321,0.6630884836941483,4.221253272158672,28,21,59.35006558295298
81.89854374077369,1.1585443626105314,0.6280216206688181,1.623394403810512,10,13,76.41561960755692
97.04206630728576,1.6779938208424237,0.33476396121174434,2.067065290340789,29,17,28.54703439709028
100.7262170236283,1.4197320435868828,0.49407626539289773,1.6756447704881627,28,14,52.9759164431625
83.52378218895842,1.4213502606756754,0.7026212845248347,1.5307547541983308,24,21,20.194524148083936
118.35287131654198,1.8971611312551622,0.6167449182100464,3.0541596122682204,13,12,28.745245078764025
123.64980643898657,1.69779836058735,0.6067261004679614,2.583105265909884,19,5,64.00782966298819
126.71070261855887,1.2408821620969412,0.7322273970224533,1.8427467204465389,26,16,34.559970766890864
123.77913617358479,1.7185732308243644,0.4198608192018022,1.9809256793383878,27,9,44.720140930944936
118.71568706704406,1.1878049543879814,0.4674323916738081,2.3526452881384454,19,10,21.570560536227067
99.72699008241361,1.4208323001692296,0.26262109036144454,2.833924393826927,26,11,28.680097207141465
120.94654403745443,1.788350013348958,0.6751642079755973,2.419040054812081,14,6,34.90242133043455
114.09072811595284,1.2094837826027947,0.3174315381190683,2.2997520912273934,16,18,64.36946847604247
102.23515833434574,1.2010288683855137,0.4266418129328457,1.9872552812872801,24,7,68.71204247070916
87.87040793872387,1.948872511416903,0.44455767515399813,4.214571669400904,18,23,73.88691399509489
120.93365600660238,1.3349752197595723,0.6204055444333543,1.6005421358486647,28,19,31.635076629757698
110.07952911021093,1.781822843005098,0.7755675987729467,4.398328438601039,29,12,49.32433631682753
117.8641642423319,1.4404434334810867,0.40752477014691,1.5517102486166277,22,10,65.3254485540893
87.60766673312926,1.1210101585226735,0.44175182826627785,4.0046061879520884,11,11,44.387687311299146
113.9516621787843,1.950630755764886,0.4933223548732133,2.292656244366394,10,6,59.389514565414906
106.55689800170614,1.4215336884725438,0.6250746540636863,2.4428420510799875,19,20,29.059734174715302
124.88420805167942,1.9566387022733038,0.7667980840875792,2.8171077152799886,19,24,39.88711333912474
106.62653008354825,1.7712830568766798,0.5872464032991547,2.192717704395015,21,22,44.498068899028965
86.27221044743428,1.5062564002887044,0.7329551542444468,1.9429025660510397,16,24,40.74761623921402
92.04016628814429,1.0107281127794885,0.725010822978168,1.3796223647704922,12,16,45.963752516076994
104.88457745072014,1.092008099371789,0.35190830439399046,1.6961953156007417,23,13,69.14458031312105
83.03462257872981,1.9424898234120804,0.3468630228368228,3.835797190615456,13,7,38.31408950205905
123.7725297659921,1.2633832246263053,0.574569254257521,1.6764689766296974,27,12,78.01034777153185
89.17023082117615,1.63062663187377,0.5423313603217461,4.417145939570739,17,18,27.28142248163411
110.1850075662007,1.0631651918441574,0.2368578335807668,3.459256440333342,23,21,37.96569170404748
91.47120001106468,1.0173176033218985,0.7645113244489232,2.504071004869324,27,20,68.0592954443637
120.92802636567356,1.6480346452003216,0.41519878808354693,3.820728902831828,21,19,47.18339099176667
124.67439269037115,1.9080203840840064,0.402793006581988,4.331396520348366,15,6,75.23732734393073
86.96823851306783,1.3147848565326492,0.6190342582479877,2.0406557644180032,26,16,74.86779893817447
93.00510381239532,1.946940837555864,0.7630334116312771,3.7141725038999063,12,11,72.35558241859516
107.79354453917043,1.3016780811978057,0.34163049792507083,1.2618903676421207,25,16,69.78067060478335
99.40541602379359,1.8189537872251584,0.4290451810847443,2.501803782643595,25,18,23.772047718019806
126.14757146652164,1.2808909941778852,0.4150515362346369,4.880990892554614,24,22,76.21451041556192
110.26560381824909,1.8224299529372447,0.3954237798535155,2.2358045432853277,12,21,67.55125134105631
128.88062403492336,1.2303020149258157,0.6768811545610192,4.195232251046194,25,17,52.06337414911468
94.07111210790885,1.2140544113983511,0.23739338209726335,3.748396657075274,25,13,22.071835546737237
128.4706327258237,1.343162348096608,0.589067880042052,1.4792608461632133,14,13,45.283002313548934
122.18760132315074,1.2645503818024426,0.20941284317560713,2.5215696336488245,15,4,70.39389083136604
129.86053732641636,1.470511090062364,0.7959342729463534,2.9701973775910235,13,3,67.15819316415121
82.3984929298229,1.374314780429435,0.7689107116071059,4.242237355509993,16,21,73.3498962087281
124.56405297203551,1.081984527551866,0.3005964623559455,2.712975306478583,21,6,74.74497524034953
125.77322830562076,1.0415187014984366,0.42492733792242315,2.6914710147989505,29,11,44.0891247132333
113.46656948130259,1.1153586074743278,0.6734175967342924,2.6150587252186366,24,22,72.23483972320551
81.44330270771019,1.1449942923151637,0.5306096946624598,2.147814061010334,12,22,53.90479497366846
88.44368073395589,1.978439275130012,0.36869033076878827,2.867376047357707,16,9,34.80339618135304
127.54556096266074,1.3814866707317859,0.3304368965475784,2.2576215373701998,21,8,57.06311060301678
102.27893461423164,1.24791983853203,0.44361627566212125,2.214973488933967,17,16,71.49331428447805
97.02382450311507,1.811209649079054,0.6844617804387745,1.9533696574657915,16,17,59.1277168203084
125.5082556036347,1.6125318206506676,0.4428529284057624,2.14470597916822,19,23,27.75566146694699
97.14972801979593,1.1396475710763032,0.3828982867020512,2.1472081359953874,25,15,38.246940291259925
107.07726416494805,1.4932086618125102,0.5448174047691527,1.948371783292096,26,9,70.3712725630908
80.69743952114922,1.2356415108163818,0.4029593646247139,4.398261250164126,23,18,31.13535900800537
116.43858737726131,1.9566205299866897,0.4319747035740933,2.2345370665178095,10,14,50.08695878322186
108.94065184284997,1.8313797967067211,0.45375277122706603,1.2809535453683927,27,20,70.54540181917214
90.84259455662419,1.0293877399248323,0.5509310854886404,2.1413108873822906,28,18,42.19074942305998
84.0813490909538,1.6877197666092438,0.5424069620244967,3.338183826779848,15,6,31.017986784029414
82.42547744617389,1.8535478895171034,0.3430637268619807,4.2044234884807,25,3,63.958902040873554
89.37002695218064,1.5633239256707692,0.7078870265080279,2.9470041844478723,28,20,45.46409065388205
110.1349280093686,1.1888441560792389,0.42173766173954835,2.177535064271594,11,11,53.01040524814797
99.61777215250788,1.351248029276075,0.7845693019205751,3.7191002236973256,25,18,33.538885407870005
89.92429103639529,1.5712776125007841,0.3133662540719966,3.365367968755561,13,4,49.58141807578666
111.0675286159366,1.2097424686527565,0.4620175029724881,4.92542772776702,22,3,37.18920706288871
98.05699432904112,1.7452094395979583,0.4122949090512862,1.874301096547824,14,19,75.56528226285323
102.08557799725922,1.6138737672642431,0.7030287607353642,4.013096306680902,11,8,61.19578093807753
115.99353589708505,1.7371845582099255,0.48800799899295527,4.294557045852303,11,12,76.2471370558697
121.9392000634899,1.401424189068655,0.7138224783480245,1.2195933135826633,13,22,33.40764802430465
85.33913944680344,1.107566553039101,0.6734790232053202,4.120201938789334,23,24,67.81694320301386
98.79378107891118,1.703780939732217,0.6806468664411004,4.127072153860333,20,4,66.47425989327438
87.5156535432437,1.5246088119458967,0.39285047829737063,3.9531141709049633,18,10,46.33316383989211
117.09615095850776,1.5474326291865168,0.6302872275088802,4.270915336734328,12,3,52.02535163354654
105.38593998860684,1.5662482542346288,0.6215419574087342,4.353728342124851,12,16,31.399938129024946
84.11870974783633,1.6648719400621306,0.6405139335793673,4.548120982902377,18,17,46.862121125770116
110.74160579176859,1.5433056040838025,0.45109840283031194,2.537094550091167,27,10,28.696843706468858
129.0386273469814,1.9475088444582824,0.43065085997950514,2.93268646947603,22,4,48.81089635572512
117.63715317246002,1.5198137530886362,0.6927119843359129,2.59940095784431,18,17,36.527401227413975
99.99659214158068,1.0441963731291604,0.753785675363418,4.267633299966765,22,7,76.05844188064191
104.52200600802573,1.1273945369113014,0.7337403211979494,4.718570669999242,22,22,60.592166088549035
99.27453197089807,1.2223134465870815,0.5833724524251344,2.3972526930556217,12,19,58.679202555911154
93.87252155109763,1.9325742979884248,0.6197916329667925,2.819196805231064,23,3,23.544425027991444
112.09462551934384,1.153644138803405,0.7389031250992151,4.702648517238494,14,19,39.12534861737057
116.86590637301518,1.2347207360095283,0.46969567801606865,4.892179623414608,25,3,41.63806703727564
83.08718140296693,1.1300843171460024,0.7482298357878254,1.2568815709309422,15,6,56.313963546674536
123.69407613755773,1.610735117062236,0.4167662648316566,1.8563167029213685,18,20,40.451031813058094
98.42873916280658,1.600450619798114,0.4709259480478068,1.426592566702581,18,19,59.963774361955764
114.43686506469905,1.1560656944076229,0.2010406120165398,2.587758476036953,27,3,58.53263196449084
107.58872283808371,1.1917323132860376,0.4350551239949717,4.571454949703367,11,13,47.112273975936795
106.58180962571217,1.1389480310092597,0.37843888263772796,2.2386092103053192,21,21,48.14562173620361
86.2863168288168,1.759873566037168,0.7487270545520761,3.7459345001527904,16,7,26.643514517911377
113.58864264421439,1.1719710788740356,0.20169128231620437,4.186028476819097,23,9,33.57385269299813
119.2313992972135,1.6177560231230654,0.7446125054736736,3.5215437485295515,24,4,57.46547126472076
108.97322601573079,1.6820550156976295,0.5823920072376275,3.0580218485680186,26,6,39.01659212833977
116.19748621761391,1.1889665465965251,0.3034867478042519,3.9792671639148827,10,11,38.35112536420036
86.79809135690374,1.2499344295355286,0.31972795729581527,3.7817448108340495,24,18,54.204241329018686
103.20213954812914,1.7956768330959272,0.4877405783426319,3.2140461398987688,22,13,20.767281247970082
94.14505117475109,1.8173342341668448,0.6275327959287305,1.4913022060041852,26,19,32.396749042005865
96.88541650882992,1.8225824056702542,0.6735996657126926,3.7368802923501265,20,10,76.92684041405835
84.35470172604381,1.9464593193663147,0.28733754578740067,1.8031416959536775,19,17,31.03648963727563
87.73162185474199,1.6451106090980296,0.6469037396693091,1.6377874666835066,21,3,73.75106008957442
126.8762167739888,1.311573287617155,0.32914874770687097,2.91522203903786,16,10,44.891967931101675
86.4150279409069,1.4719883720576297,0.5289150664937701,1.6531715008333592,15,21,51.478402783292026
109.49768613184173,1.3598650408885815,0.6997436874081961,1.7687538845093291,10,24,39.415694690323164
127.88763930574538,1.6196126948996485,0.5049550735033366,3.3572640910409923,29,21,63.09063584225984
88.00397613152379,1.1338794036523487,0.7789346961820443,1.7809160107125515,25,15,71.79008998474853
126.8612874289727,1.3400478872020702,0.23023518214129643,3.5645976653897504,24,21,52.12074342672037
122.22199701761645,1.3050614204144433,0.6205057825156007,2.7612635298382404,17,17,33.625441324623786
88.06376964527419,1.0143960473554614,0.6037053228234492,4.679026510823683,29,21,60.46885631484151
95.25125793657249,1.430956617912778,0.687550211809117,4.062145347584951,20,21,25.788249942454456
127.14888944465827,1.52521316404837,0.6223814646491236,1.5337950817690866,25,15,27.54578701839086
117.91549672662876,1.6067374633496954,0.49675812553516474,3.801725160153749,19,24,41.84431104487438
90.14662506743566,1.8794616499602919,0.49084023784401914,1.2718085350380355,19,22,67.16612403884452
86.27736519805566,1.510153627321284,0.5886803937699407,2.7610485467168795,15,11,71.31774889941642
82.16712230958458,1.0064358302749712,0.46212476801670016,2.500792328716099,14,16,70.66384758739194
88.5356881332671,1.2499842707559432,0.49765716951171807,1.8533685956882742,17,19,22.424794000233067
114.12659290154357,1.88426207083159,0.25669603089693016,2.676507874831256,23,19,76.85221440851127
97.57162141598415,1.0504205143573255,0.7142189518651616,1.4640917310789292,24,14,75.09352746302815
87.09553134441225,1.2081803276295706,0.6709820169522684,2.5735449790782576,22,23,43.44461266834112
114.85608526994193,1.688425700643589,0.7428098024305232,1.9323862466973751,15,11,24.034076174440838
117.629215768499,1.3192671318935723,0.5592141022576518,4.940118935976069,10,20,43.49038624438474
90.44457049580816,1.6430363182673062,0.2583217973683082,2.7361052917955373,22,12,43.81259999641483
94.60701724846317,1.6489299787989276,0.4932996368509044,3.982386519704961,28,22,32.73627112844858
109.42041576097365,1.4671638810348506,0.37229156566329746,1.39408068282828,27,18,41.82711662395367
128.2864706506707,1.4775412729518804,0.7560838144891235,1.2981163047115825,16,3,27.573236441342296
121.21984976487126,1.3864825092306912,0.33228614512071886,3.972107021784451,27,23,48.05192710180108
122.79851387805863,1.5781356183996134,0.48323885809476125,3.74703540641769,20,8,49.727173846203215
88.08769418456544,1.2080619114574285,0.3642572586882626,4.7020428744143965,10,3,74.96433866842658
116.08425307859875,1.3168236471284123,0.6754017162707553,3.449059133031338,29,23,29.369191059226978
100.88725255847565,1.580876978889532,0.7039791155764201,1.9414436155860983,17,18,27.032453020901016
87.56978539188752,1.684156132147638,0.7014282519767354,3.1003862381660765,29,3,52.842753838482906
109.16053504761011,1.6966206637730776,0.6104499209678923,2.7217366660569664,20,6,40.15891456968248
107.85876813346405,1.2275112661702723,0.22942241156524673,1.4581111218491674,26,6,50.60104970969317
94.59375748013352,1.6584063523755121,0.7662923934955292,4.948340908340819,19,6,44.93594926607308
125.68469805559343,1.2449781780941835,0.4841760230148228,3.5255412759434126,28,14,25.438066459048418
112.6795837679628,1.6007983499986442,0.3455070282922619,4.241330405602795,29,19,25.144572765513125
97.23028340474703,1.2062325273644847,0.7095343121561923,4.969000402029711,18,13,66.38042668232396
108.73748102951835,1.6427338019143194,0.31665682819030955,4.622007367170461,25,6,42.53557278413558
101.40951454899104,1.9332836395829427,0.2990894618010783,3.8321402771735817,17,20,40.30172775481779
111.07559872682874,1.3613837198868997,0.5125675642474012,1.8753318456202133,28,8,33.815042245778656
116.61107441665482,1.4574801107081818,0.5467115225280136,4.378885565063968,13,5,63.9399700659041
117.56624559023405,1.8689171803090545,0.31448621268972915,4.8602267490609865,18,3,70.61159385954086
112.33649203242665,1.2621981257271169,0.5826642347171381,3.346606713814177,19,8,42.92969149693222
106.20390956471971,1.5667103846027213,0.5846458388068279,4.289651956375419,15,13,66.82745255903639
100.14694373196653,1.9922523261118186,0.3754896186926412,2.745970809589847,24,4,55.03692834505907
103.77306363168483,1.972458026863536,0.4924834979988591,1.9573979661330583,20,3,58.3491374784369
117.81940564144925,1.633981575372106,0.4103318513347503,4.913258597833027,19,13,21.470938313923984
125.42215485826279,1.2499225244534473,0.6895353266469495,1.9205069334199703,19,7,38.33142891511285
108.37025250635703,1.7430687886364309,0.3055680370806783,4.962348130285547,19,22,79.48782757579774
98.7449931480262,1.7217103490294157,0.5366452768952328,3.8956797687589892,11,12,25.930025698394346
129.85906012341079,1.9575187065247859,0.7940393226822517,3.4339158719873044,15,19,76.16504250598473
98.09840093678496,1.8994082649705715,0.7165684006403941,4.902635871963624,21,8,68.73998378803505
94.01545238721994,1.5669304875097383,0.6331912444828024,3.5652560082203495,12,8,30.142467137247735
96.89347993299506,1.6366262068013024,0.49643679807653174,3.680991388778928,23,10,62.18251441776265
111.27094317422115,1.2685694035011008,0.6872965400806124,3.986062924016707,16,16,70.86345817590755
108.96965043907714,1.8350354816114423,0.6802837845636263,2.80315219948052,17,6,64.44809546770661
82.90376368091516,1.8865113486234324,0.5047531386478716,1.5445678932251623,20,22,42.26199555707407
93.62760710308189,1.1630107737641624,0.43475942477866725,2.460656711334914,11,9,41.821028221150684
110.02672427408125,1.974428426784136,0.7784985095089307,2.6015640168511944,22,21,49.28241869688142
88.91916774651466,1.2723329523386673,0.4294138386606836,4.727437583596913,14,9,48.49050951076467
110.15326671524872,1.2036199335242588,0.41098115383955625,3.969504937384218,22,13,45.06047836509274
99.00563162441776,1.1063465526182759,0.709048255359382,2.8816479433839213,13,21,24.539403582870207
96.25306792989906,1.933510912468057,0.49702628531178783,4.848006382106926,19,14,68.34146429045559
118.80093718335814,1.0750075133663275,0.27136329952523286,2.493234718185492,12,10,27.272665213200284
124.2893830423249,1.2821763431743611,0.32617670439529434,3.0470618048349323,11,15,70.32933206401253
85.64934988676146,1.7926275784752166,0.6836191273866048,2.1224356749208093,27,4,42.71717152140626
105.3753428932337,1.537649819605417,0.5559145208870193,4.653255946781578,25,16,71.4595352180327
90.97798066782582,1.6344588714153139,0.2442795188822557,3.435639560074298,15,22,20.063757910018893
94.63309723607202,1.0523437521532477,0.37254715046818443,4.8251928061261165,14,6,58.852942051269096
87.63875077918166,1.2506614860419647,0.3596053460488865,1.6024412585137244,26,15,38.17725260404286
91.98375950453531,1.3257282063795297,0.2328794026827011,4.482498993591756,12,15,44.25303348229028
122.43836936415047,1.431961946511881,0.7658434516775354,3.1343878556920157,11,24,52.77055469737276
101.5159492484324,1.5767528137335396,0.5125654559016375,1.6988307005263872,19,11,69.98906501101152
104.84050610080219,1.812540657906881,0.6790562253148478,3.693830828007128,28,16,38.198849547604624
101.18363656628776,1.690063063599385,0.3979241690332217,4.459915046853395,13,9,70.50109302523323
89.28397710937219,1.9131815948445956,0.7594525818526494,4.676253465678529,10,3,62.7354764884963
119.30488083752766,1.1347751577190026,0.6541517391154796,3.444179792541199,12,18,79.99661601246717
108.7888941446557,1.8817307271712012,0.29538026032712805,1.2329113743596543,25,11,24.50064817503447
87.94609176225441,1.2692305462162998,0.23148964550453183,3.3731590138367347,28,21,48.045583591361435
116.04777598253736,1.8702812527395765,0.7613687203223412,2.7710241696915774,22,16,51.82870901660341
99.73977213623475,1.3368738445957988,0.7621592178299061,4.098971150768361,23,14,46.645600760182504
125.82710198306107,1.2716518798244063,0.6432731902517677,3.6158529470597722,27,4,72.95458414431593
112.43088633569967,1.3040172211106373,0.49579715598509305,2.798715488748745,19,15,37.500961417771144
80.6006225016941,1.183608673665688,0.6251947330752605,2.9501661165659367,16,19,74.72133112331471
128.89079179115708,1.2664193921716609,0.6300415380314551,1.425091404000366,13,15,67.80418505676784
90.87816140170531,1.3177285586481018,0.46729040777168857,4.791713402221363,28,15,29.513041931519542
84.13006217178791,1.2053444598895886,0.466614136915963,1.344882279393025,26,19,22.52184600537475
96.30264619766332,1.2994977101102545,0.46415012235243264,2.2700267449633738,26,3,34.7236441865483
83.72843613493228,1.3830603362042493,0.3884836880387647,1.4818399700332738,15,9,68.19137950832715
127.05709886677816,1.9631831209356492,0.6303561584183355,4.2186503385661815,29,17,25.147989641211055
124.39701482724182,1.3847600446019013,0.7090061534022372,3.264034642472719,13,11,31.721950951640967
106.60596893527934,1.5748409722473922,0.782305631320859,4.83283583393909,11,22,72.9925269015203
102.87688734345596,1.6787809320713933,0.26477929158460134,1.7047736293122342,18,8,73.87703624704028
93.97829934978203,1.3690039646823449,0.3578229740580836,2.1950606048782735,19,5,67.43233467021034
90.44634154573019,1.1449492737863005,0.3588896037429068,3.1504690426367046,20,13,22.81085487530529
81.9520680442427,1.2782074033221442,0.6816599015375464,1.4332315607475685,11,16,48.38961862980478
118.21121701378732,1.4000041259806517,0.46090365990790716,4.256158029982596,27,20,75.44716295944141
89.61492643536359,1.7990006606028515,0.563519754716256,1.67225366197567,27,6,48.902260941287
129.65214976724803,1.6053193909140018,0.5365230408074281,4.295136215209678,28,8,33.867723418432334
122.39738483716152,1.129873615328766,0.5077344701445088,4.5439031199765365,12,19,47.399131004888744
106.1906387764009,1.044443152966652,0.2217026080916318,2.4103388049411656,26,4,42.03232478376965
126.08527633020213,1.9190193126500643,0.5695750981402548,2.149017914601669,13,10,50.305992601003716
121.10037766269488,1.5339449372712,0.4448090998873019,4.572801668302043,13,19,72.21545015708026
120.91990777274862,1.4047460244413266,0.20854053243952908,2.951230384964334,13,21,43.40606186868709
128.3328414825162,1.903966358479619,0.39879390431852835,1.2064772065979479,24,11,46.914466398153664
103.52948074292203,1.4094046639617932,0.2672980726529092,2.634822242938806,22,6,75.94997719135074
85.18992051195225,1.733733687415099,0.4260913560580794,3.9679423662446682,27,6,77.73929647204722
121.42640249684095,1.0228728034615244,0.6312394049652581,4.617394490792076,24,9,21.18658606252248
94.70111085531177,1.337917364358225,0.7347916732145985,4.876858149700885,20,4,58.47692895670351
125.11601654671512,1.7080021431835797,0.727114044001671,2.7172562682002033,21,5,79.11086349533318
96.67317811223415,1.7199324469735067,0.774157017869046,3.064693000296666,24,12,50.4672132293574
125.07361213523842,1.7763488253182549,0.6687470288215014,4.656966214480023,17,4,70.089429980023
102.33897464315214,1.8949775348094502,0.27917166773783897,3.070562666713945,13,22,26.14426946599792
97.37484569088801,1.1309634351145312,0.7689489425200786,4.273217044992939,16,16,75.44223205092379
115.09068736352657,1.493424043087948,0.6198776648814044,2.0308365302207596,11,10,23.226911563255104
112.96276836083607,1.4602618890592196,0.5573176696078073,4.089238698142341,24,19,51.997947760593654
104.26301586853741,1.8891211265803656,0.42915564522272887,4.783946694468836,19,19,30.336160401409224
93.77273842254768,1.9185866072247268,0.3117811942696612,3.7204749083382493,17,11,67.19426469613487
121.47821607379748,1.4839767581860457,0.7979451853439066,3.0875662453109065,28,17,61.77189908890094
83.65423322937816,1.335491711936588,0.5369960106149227,1.4066412988838342,28,14,44.060310548068244
102.10180951906449,1.5335060819555515,0.6883589807829699,3.0812072550112672,25,18,43.7826748833094
117.29770225803148,1.0354455117767665,0.43650378826054237,3.294807794884246,23,15,35.743286745844756
93.5807870215738,1.6972609823458604,0.2238860738457955,4.958860971409347,22,19,31.928363552420258
126.29585886155033,1.5898528044220757,0.7171210987892629,3.1318275231631336,22,15,78.19449709372208
94.2018357072046,1.3278406928988304,0.6358524646716828,2.8192884638775215,26,4,27.689889279293556
110.85890042778311,1.6981661173051468,0.6157886655020716,2.703796152094788,12,23,28.56505525078082
104.64571487968337,1.302787618298142,0.5499498553485326,1.9066573805873035,16,13,49.39734328777283
85.20664977319544,1.611992826343677,0.7260653686339105,1.347099402237873,18,21,54.31344072462787
98.42084532839078,1.6900452697488773,0.27126626802491804,4.095504749403528,19,19,33.31671696040973
91.82690289833846,1.302429696965099,0.6753951325358116,4.019198211133436,12,6,45.55618449972577
109.54206712625107,1.2219340921716584,0.4590466566354028,1.568188842500472,20,16,40.30920961990668
97.52103803053727,1.8260006969341107,0.6145847878522581,3.0676560016525882,12,7,50.897017871518145
116.6696677853904,1.2480114567129534,0.7758956917299142,3.67458705600553,10,22,59.80698544522252
99.40164055519365,1.4213373448760511,0.2305096176772031,1.601062120880241,17,22,57.75276842315461
120.67691830471746,1.1772925773048577,0.7788271955543156,3.4793140445685404,27,18,47.19189565216571
115.01896150783611,1.368288491640146,0.28397205887938287,2.2220695315563432,24,11,24.15619450797355
91.76150059347293,1.9061679013203363,0.23471202673214075,4.9381062050608415,24,4,24.524802064727098
114.13956542963695,1.866485992516234,0.3432317375275762,3.1016573632170688,19,19,73.6010846833318
115.71120875536297,1.3493123669678129,0.6170180036383375,2.934566464507762,22,19,50.0426118397222
83.57005107447132,1.278463970067781,0.3704906605841701,2.8349224268312914,17,3,32.31088071115323
98.82962059537208,1.1723349698868508,0.4986702705007049,4.730686220701406,21,14,45.44011919701812
107.9016626087785,1.8691486893586444,0.7994781723664641,3.0356524135826453,10,13,40.911398727137495
113.06708288060716,1.721910293967984,0.642098637602536,2.3834486095746694,20,5,22.532703285801638
98.12452555332356,1.9374739465632556,0.24179483860871942,2.7502340832396124,28,22,26.864240120887438
117.89738986763331,1.9247993931356615,0.433753098500067,4.6213009791388036,11,15,37.56946384017678
109.81765728948488,1.446019892766192,0.483588040496044,4.118712027383527,18,4,38.38017394927466
116.56166424342565,1.8130526293998983,0.6615448943860909,2.841644280654557,25,19,75.08332840009555
123.80244523466955,1.5496645034503183,0.48729655801443655,3.433799596571588,12,4,77.29799535498476
86.17143450997608,1.048593816908514,0.3167333857217915,4.400562779413133,20,12,42.9713245421801
96.25823583087876,1.7647741859370232,0.4654813108980464,4.120433985948775,17,4,55.02171622633654
83.67684966228795,1.8280405220515115,0.36061917848679903,2.373639118186759,20,16,32.824263319704066
123.08689712718459,1.4793843645293185,0.388162960788895,4.228003378461305,17,12,47.621667235820226
122.00435488020891,1.0661869147279974,0.6659106168559377,3.189572307505742,19,18,43.33474261293494
81.90114412318644,1.2392769062316202,0.3289648673882368,2.878935634938703,11,15,43.094873647136296
104.35036383662708,1.4916101177304446,0.759268158115483,2.2144728523075603,28,15,48.86511663965478
102.27146378302828,1.9778030513385876,0.6400057559546564,2.7144039703042946,13,13,59.92706801142583
123.43237792500682,1.7108622317692994,0.4674071700963623,1.9262770577363644,23,9,54.049425628971996
125.86945419685733,1.05680050251839,0.5375838470259637,3.2455191025233345,26,4,37.46396218569727
124.63658955323459,1.4054769528819677,0.5335811445724938,4.795054894106136,19,7,20.911546911652458
124.2158936414685,1.1259305283867467,0.6990843429524696,2.599356545663107,22,18,60.984878484299976
100.10806161437584,1.6964879252905243,0.2615562649367633,3.543266111340963,12,13,70.83831867483222
83.35278571955426,1.836015063603679,0.27659047697393757,4.762882587224379,28,11,55.62371574617267
117.73836423116319,1.4271114016995887,0.27634168875722825,1.9233776701867678,16,7,46.19255157826148
110.92350594634127,1.1822050558997768,0.5708416975362565,1.6726729220673173,27,15,34.930656675586945
94.24383608536067,1.6032217181193835,0.3949018135641249,1.8126909153878055,27,13,35.61617097106916
81.45395683655453,1.4795101732873233,0.3766481758877823,3.506862107859912,24,6,33.94216440728883
93.52904995336883,1.640866965193967,0.5227990336305226,3.850244064831961,26,22,73.34180041523211
117.70784369170235,1.6362657421101856,0.5033084042303194,4.790616174430636,10,24,75.51603736999924
125.69047933762704,1.1847865223014007,0.7771896672629688,3.700023864109215,26,19,78.75749476345428
119.25269387511497,1.7832018808769259,0.7584769312297825,4.314812330939498,10,16,25.366740638972395
81.34019780221398,1.6183495582146294,0.7698832495970376,3.0213584980356982,18,11,30.803911036238738
129.15396528189547,1.4316087337933299,0.47908958486142517,4.073705987669303,12,15,64.68959173307373
128.49834542335168,1.11044896849649,0.30986551990265143,4.644040327235725,16,23,52.17235066911267
109.81850424689793,1.59822145198075,0.7897353195883197,3.272194066810898,17,11,40.72460935628086
106.75181411488589,1.2465863159933752,0.7623250257633036,2.03023058071443,25,20,37.06187423171803
124.09894403929141,1.5600055120346648,0.5297960538986991,4.406406429289483,12,8,35.30781112142252
117.71553173675827,1.7811851128960434,0.21271034334988573,4.5472673818209834,11,11,51.31976730768508
108.23142136133323,1.8863269429823242,0.674279057693786,2.3041780496205795,15,13,57.50516733731149
85.32503076829352,1.1782146171135914,0.3187791088995443,2.3298072251507764,14,18,61.43342914059551
99.64292309853639,1.1928176310960505,0.7141727457695453,3.5467956217958623,10,16,41.06279579246615
120.1630403822198,1.0196158325500508,0.5903232234712608,4.70694752351855,18,16,73.41599535559286
107.81245030650655,1.401224667840879,0.7568079797652152,4.251394526932113,20,10,73.4781388255083
104.29831410653082,1.5071504194188738,0.3640668327998341,3.083336470379245,19,11,55.28276252362327
80.87356221873965,1.5616431146926621,0.2284238262560828,2.5463162288497125,27,6,41.85396136859903
81.21904707729763,1.3235142026228104,0.30676802345001597,2.336625081557232,23,13,75.8456546888028
96.77275075548792,1.050209434795655,0.6258443179719504,4.415394817026089,29,23,38.22032127407142
80.55613592433662,1.0393480785067633,0.3496111107329871,3.569522084306615,12,4,23.76178554826368
119.01808722270245,1.7612438028897086,0.5453279357694224,4.084161899958401,17,4,61.854965391563674
87.42442651223249,1.2427979103180955,0.6759663626802747,4.841922229825019,24,8,35.137590209571194
123.27614948827204,1.8459172190680952,0.3341754787908049,4.646979741900905,10,13,70.00463227160475
123.0914012495164,1.7346245448890567,0.5007822545937406,3.8095500445024717,18,11,35.92675427794617
115.87714292950713,1.354747449234905,0.5246773086745196,2.5359400578864486,12,9,52.23144029609916
